{
  "constants": {

    "acquisition": {
      "TE": 0.0201,
      "TR": 2
    },
    "macromolecules": {
      "mm2_04": {
        "Amm": 23.282,
        "T2mm": 0.0138
      },
      "mm0_92": {
        "Amm": 14.183,
        "T2mm": 0.0259
      }
    },
    "metabolites": {
      "tNAA": {
        "Am": 7.833,
        "T1m": 1.540,
        "T2m": 0.247
      }
    },
    "water_ref": {
      "Sw": 34558.286,
      "cw_csf": 53.89,
      "cw_grey": 43.33,
      "cw_white": 35.89,
      "f_csf": 0.154310342667415,
      "f_grey": 0.682519576520685,
      "f_white": 0.163158804735953,
      "T1_csf": 3.817,
      "T1_grey": 1.122,
      "T1_white": 0.758,
      "T2_csf": 1.15,
      "T2_grey": 0.079,
      "T2_white": 0.085
    }
  },

  "uncertainties": {

    "acquisition": {
      "dTE": 0.000000001,
      "dTR": 0.000000001
    },
    "macromolecules": {
      "mm2_04": {
        "dAmm": 0.59823,
        "dT2mm": 0.0009
      },
      "mm0_92": {
        "dAmm": 0.0572,
        "dT2mm": 0.0016
      }
    },
    "metabolites": {
      "tNAA": {
        "dAm": 0.02922,
        "dT1m": 0.030,
        "dT2m": 0.042
      }
    },
    "water_ref": {
      "dSw": 0.42409,
      "dcw_csf": 0.54,
      "dcw_grey": 0.83,
      "dcw_white": 0.83,
      "df_csf": 0.05,
      "df_grey": 0.05,
      "df_white": 0.05,
      "dT1_csf": 0.417,
      "dT1_grey": 0.033,
      "dT1_white": 0.038,
      "dT2_csf": 0.07,
      "dT2_grey": 0.002,
      "dT2_white": 0.002
    }
  }
}