{
  "constants": {
    "Sw": 1,
    "TE": 0.020,
    "TR": 2.0,
    "cw_csf": 53.89,
    "cw_grey": 43.33,
    "cw_white": 35.89,
    "f_csf": 0.1,
    "f_grey": 0.7,
    "f_white": 0.2,
    "T1_csf": 3.817,
    "T1_grey": 1.122,
    "T1_white": 0.758,
    "T2_csf": 1.15,
    "T2_grey": 0.079,
    "T2_white": 0.085
  },
  "metabolites": {
    "cho": {
      "Sm": 0.0001,
      "T1m": 1.150,
      "T2m": 0.222
    },
    "cr": {
      "Sm": 0.0001,
      "T1m": 1.560,
      "T2m": 0.178
    },
    "gaba": {
      "Sm": 0.0001,
      "T1m": 1.310,
      "T2m": 0.087
    },
    "gln": {
      "Sm": 0.0001,
      "T1m": 1.200,
      "T2m": 0.122
    },
    "glu": {
      "Sm": 0.0001,
      "T1m": 1.17,
      "T2m": 0.135
    },
    "naa": {
      "Sm": 0.0001,
      "T1m": 1.540,
      "T2m": 0.301
    }
  },
  "errors": {
    "upper_bound": {
      "params": {
        "dSw": 0.05,
        "dTE": 0.000001,
        "dTR": 0.000001,
        "dcw_csf": 5.389,
        "dcw_grey": 5.77,
        "dcw_white": 5.56,
        "df_csf": 0.05,
        "df_grey": 0.05,
        "df_white": 0.05,
        "dT1_csf": 0.545,
        "dT1_grey": 0.192,
        "dT1_white": 0.169,
        "dT2_csf": 0.217,
        "dT2_grey": 0.0087,
        "dT2_white": 0.004
      },
      "metabolites": {
        "cho": {
          "dSm": 0.0000054,
          "dT1m": 0.134,
          "dT2m": 0.057
        },
        "cr": {
          "dSm": 0.0000036,
          "dT1m": 0.157,
          "dT2m": 0.045
        },
        "gaba": {
          "dSm": 0.000020,
          "dT1m": 0.160,
          "dT2m": 0.025
        },
        "gln": {
          "dSm": 0.000014,
          "dT1m": 0.447,
          "dT2m": 0.021
        },
        "glu": {
          "dSm": 0.000006,
          "dT1m": 0.2,
          "dT2m": 0.032
        },
        "naa": {
          "dSm": 0.0000045,
          "dT1m": 0.268,
          "dT2m": 0.065
        }
      }
    },
    "lower_bound": {
      "params": {
        "dSw": 0.01,
        "dTE": 0.000000001,
        "dTR": 0.000000001,
        "dcw_csf": 0.54,
        "dcw_grey": 0.83,
        "dcw_white": 0.83,
        "df_csf": 0.02,
        "df_grey": 0.02,
        "df_white": 0.02,
        "dT1_csf": 0.417,
        "dT1_grey": 0.033,
        "dT1_white": 0.038,
        "dT2_csf": 0.07,
        "dT2_grey": 0.002,
        "dT2_white": 0.002
      },
      "metabolites":{
        "cho": {
          "dSm": 0.0000017,
          "dT1m": 0.040,
          "dT2m": 0.017
        },
        "cr": {
          "dSm": 0.0000015,
          "dT1m": 0.070,
          "dT2m": 0.009
        },
        "gaba": {
          "dSm": 0.000014,
          "dT1m": 0.158,
          "dT2m": 0.011
        },
        "gln": {
          "dSm": 0.000007,
          "dT1m": 0.224,
          "dT2m": 0.019
        },
        "glu": {
          "dSm": 0.000004,
          "dT1m": 0.179,
          "dT2m": 0.028
        },
        "naa": {
          "dSm": 0.0000016,
          "dT1m": 0.030,
          "dT2m": 0.018
        }
      }
    }
  },
  "covariances": {
    "upper_bound": {
      "f_grey-f_white": -0.00215
    },
    "lower_bound": {
      "f_grey-f_white": -0.000344
    }
  }
}