{
  "constants": {
    "metabolites": {
      "tCr": {
        "Sm": 0.015,
        "T1": 1.780,
        "T2": 0.152
      },
      "Glu": {
        "Sm": 0.021,
        "T1": 1.750,
        "T2": 0.135
      },
      "tNAA": {
        "Sm": 0.02,
        "T1": 1.900,
        "T2": 0.295
      }
    },
    "acquisition": {
      "TE": 0.010,
      "TR": 3.0,
      "TI": 0.32
    }
  },
  "uncertainties": {
    "metabolites": {
      "tCr": {
        "dSm": 0.00009,
        "dT1": 0.040,
        "dT2": 0.016
      },
      "Glu": {
        "dSm": 0.0002,
        "dT1": 0.040,
        "dT2": 0.028
      },
      "tNAA": {
        "dSm": 0.00007,
        "dT1": 0.060,
        "dT2": 0.065
      }
    },
    "acquisition": {
      "dTE": 0.000000001,
      "dTR": 0.000000001
    }
  },
  "ref_concentration": 10
}