{
  "constants": {
    "metabolites": {
      "tCr": {
        "Am": 0.013,
        "T1": 1.780,
        "T2": 0.152
      },
      "Glu": {
        "Am": 0.018,
        "T1": 1.750,
        "T2": 0.135
      },
      "tNAA": {
        "Am": 0.018,
        "T1": 1.900,
        "T2": 0.295
      }
    },
    "acquisition": {
      "TE": 0.010,
      "TR": 3.0
    }
  },
  "uncertainties": {
    "metabolites": {
      "tCr": {
        "dAm": 0.00018,
        "dT1": 0.040,
        "dT2": 0.016
      },
      "Glu": {
        "dAm": 0.00038,
        "dT1": 0.040,
        "dT2": 0.028
      },
      "tNAA": {
        "dAm": 0.00013,
        "dT1": 0.060,
        "dT2": 0.065
      }
    },
    "acquisition": {
      "dTE": 0.000000001,
      "dTR": 0.000000001
    }
  },
  "ref_concentration": 10
}